﻿{

"spider": "clan://mao9527/custom_spider_0330.jar;md5;01a4ac9109a0602124cee4feddc1971e",
"spider":"clan://mao9527/doraAmen.jar;md5;52d581d7ad55ae8422842a4c4d51d143",
"spider":"clan://mao9527/xm.jar;md5;c5c0fabcd4f0d1e464b5d760361f499e",	

"lives":[{"group":"redirect","channels":[{"name":"redirect","urls":[
"proxy://do=live&type=txt&ext=Y2xhbjovL21hbzk1MjcvdHYvbGl2ZS50eHQ="
]}]}],


"sites": [
{"key":"wabc(腾讯直采)","name":"腾讯直采","type":1,"api":"https://wabc.ml/mao/1.php/provide/vod/","playUrl":"parse:parwix1","searchable":1,"quickSearch":1},
{"key":"wabc(爱奇艺直采)","name":"爱奇艺直采","type":1,"api":"https://wabc.ml/mao/2.php/provide/vod/","searchable":1,"quickSearch":1},
{"key":"csp_CZSPP","name":"🚬厂长资源","type":3,"api":"csp_ColaCat","searchable":1,"quickSearch":1,"filterable":0,"ext":"موارد مدير المصنع"},
{"key":"csp_LiteApple","name":"小苹果(SP)","type":3,"api":"csp_LiteApple","searchable":1,"quickSearch":1,"filterable":1},
{"key":"csp_Kunyu77","name":"🐼七七2","type":3,"api":"csp_Kunyu77","searchable":1,"quickSearch":1,"filterable":1},
{"key":"csp_Buka","name":"🧼真不卡","type":3,"api":"csp_ColaCat","searchable":1,"quickSearch":1,"filterable":0,"ext":"حقا ليس عالقا"},
{"key":"csp_Auete","name":"🧿Auete","type":3,"api":"csp_ColaCat","searchable":1,"quickSearch":1,"filterable":0,"ext":"أويتي"},
{"key":"csp_DiDuan","name":"低端影视","type":3,"api":"csp_ColaCat","searchable":1,"quickSearch":1,"filterable":0,"ext":"السينما والتلفزيون الرديئة"},
{"key":"csp_360","name":"🎾360","type":3,"api":"csp_ColaCat","searchable":1,"quickSearch":1,"filterable":1,"ext":"ثلاثة مائة وستون"},
{"key":"csp_GitCafe2","name":"🐼小纸条","type":3,"api":"csp_GitCafe","searchable":1,"quickSearch":1,"filterable":0},
{"key":"csp_Animal","name":"🐘动物世界","type":3,"api":"csp_ColaCat","searchable":0,"quickSearch":0,"filterable":1,"ext":"عالم الحيوان"},
{"key":"csp_Opera","name":"🏮戏曲","type":3,"api":"csp_ColaCat","searchable":1,"quickSearch":0,"filterable":1,"ext":"أوبرا"},
{"key":"push_agent","name":"🍭推送","type":3,"api":"csp_ColaCat","searchable":0,"quickSearch":0,"filterable":0,"ext":"علي"},
{"key": "csp_77","name": "七七","type": 3,"api": "csp_Kunyu77","searchable": 1,"quickSearch": 1,"filterable": 1},
{"key":"csp_xpath___在线之家","name":"在线之家(XP)","type":3,"api":"csp_XPath"      ,"searchable":1,"quickSearch":1,"filterable":1,"ext":"clan://mao9527/xp/zxzj.json"},
{"key":"csp_xpath_lezhutv","name":"乐猪TV(XP)","type":3,"api":"csp_XPathMac","searchable":1,"quickSearch":1,"filterable":0,"ext":"clan://mao9527/xp/lezhutv.json"},
{"key":"csp_xpath_lib","name":"LIBVIO(XP)","type":3,"api":"csp_XPathFilter","searchable":1,"quickSearch":1,"filterable":1,"ext":"clan://mao9527/xp/lib.json"},
{"key":"csp_xpath_ddg","name":"达达龟(XP)","type":3,"api":"csp_XPathFilter","searchable":1,"quickSearch":1,"filterable":1,"ext":"clan://mao9527/xp/dadagui.json"},
{"key":"csp_xpath_jbb","name":"剧白白(XP)","type":3,"api":"csp_XPathMacFilter","searchable":1,"quickSearch":1,"filterable":1,"ext":"clan://mao9527/xp/jubaibai.json"},
{"key":"csp_appysv2_迪迪","name":"迪迪(M2)","type":3,"api":"csp_AppYsV2","searchable":1,"quickSearch":0,"filterable":1,"ext":"http://dd88.icu:6080/xgapp.php/v2/"},
{"key":"csp_appysv2_追剧TV","name":"追剧TV(萝卜)","type":3,"api":"csp_AppYsV2","searchable":1,"quickSearch":1,"filterable":1,"ext":"http://111.229.120.180:88/lvdou_api.php/v2.vod"},
{"key":"csp_appysv2_渔渔影视","name":"渔渔影视(萝卜)","type":3,"api":"csp_AppYsV2","searchable":1,"quickSearch":1,"filterable":1,"ext":"http://luobo.yugenye.site/api.php/v1.vod"},
{"key":"csp_appysv2_余生影视","name":"余生影视(萝卜)","type":3,"api":"csp_AppYsV2","searchable":1,"quickSearch":1,"filterable":1,"ext":"http://yu.cuicanys.cn/lvdou_api.php/v1.vod"},
{"key":"csp_appysv2_影视猫","name":"影视猫(萝卜)","type":3,"api":"csp_AppYsV2","searchable":1,"quickSearch":1,"filterable":1,"ext":"https://vip.wscyun.com/api.php/v1.vod"},
{"key":"csp_appysv2_影视大全","name":"影视大全(萝卜)","type":3,"api":"csp_AppYsV2","searchable":1,"quickSearch":1,"filterable":1,"ext":"https://xc.xixi2yy.xyz/mogai_api.php/v1.vod"},
{"key":"csp_appysv2_呀哩动漫","name":"呀哩动漫(萝卜)","type":3,"api":"csp_AppYsV2","searchable":1,"quickSearch":1,"filterable":1,"ext":"https://app.yaliyali.cc/api.php/v1.vod"},
{"key":"csp_appysv2_影库","name":"影库(萝卜)","type":3,"api":"csp_AppYsV2","searchable":1,"quickSearch":1,"filterable":1,"ext":"https://yingkudy.com/lvdou_api.php/v1.vod"},
{"key":"csp_appysv2_月儿影视","name":"月儿影视(萝卜)","type":3,"api":"csp_AppYsV2","searchable":1,"quickSearch":1,"filterable":1,"ext":"https://yue52.xyz/api.php/v1.vod"},
{"key":"csp_appysv2_星宿漫","name":"星宿漫(萝卜)","type":3,"api":"csp_AppYsV2","searchable":1,"quickSearch":1,"filterable":1,"ext":"http://3.xingxiuman.com/mogai_api.php/v1.vod"},
{"key":"csp_appysv2_小鸟动漫","name":"小鸟动漫(萝卜)","type":3,"api":"csp_AppYsV2","searchable":1,"quickSearch":1,"filterable":1,"ext":"http://xydm.baicai.buzz/mogai_api.php/v1.vod"},
{"key":"csp_appysv2_熊猫视频","name":"熊猫视频(萝卜)","type":3,"api":"csp_AppYsV2","searchable":1,"quickSearch":1,"filterable":1,"ext":"http://anegh.com/lvdou_api.php/v1.vod"},
{"key":"csp_appysv2_熊猫动漫","name":"熊猫动漫(萝卜)","type":3,"api":"csp_AppYsV2","searchable":1,"quickSearch":1,"filterable":1,"ext":"http://dongman.k8aa.com/mogai_api.php/v1.vod"},
{"key":"csp_appysv2_寻常影视","name":"寻常影视(萝卜)","type":3,"api":"csp_AppYsV2","searchable":1,"quickSearch":1,"filterable":1,"ext":"http://tv.91ymz.cn/mogai_api.php/v1.vod"},
{"key":"csp_appysv2_小白动漫","name":"小白动漫(萝卜)","type":3,"api":"csp_AppYsV2","searchable":1,"quickSearch":1,"filterable":1,"ext":"http://121.62.60.222:13579/xiaobai_api.php/v1.vod"},
{"key":"csp_appysv2_万能影院","name":"万能影院(萝卜)","type":3,"api":"csp_AppYsV2","searchable":1,"quickSearch":1,"filterable":1,"ext":"http://app.wnvod.net/lvdou_api.php/v1.vod"},
{"key":"csp_appysv2_蜗牛动漫","name":"蜗牛动漫(萝卜)","type":3,"api":"csp_AppYsV2","searchable":1,"quickSearch":1,"filterable":1,"ext":"http://woniudm.woniu.cyou:20000/mogai_api.php/v1.vod"},
{"key":"csp_appysv2_我爱跟剧","name":"我爱跟剧(萝卜)","type":3,"api":"csp_AppYsV2","searchable":1,"quickSearch":1,"filterable":1,"ext":"https://www.genmov.com/mogai_api.php/v1.vod"},
{"key":"csp_appysv2_兔子窝","name":"兔子窝(萝卜)","type":3,"api":"csp_AppYsV2","searchable":1,"quickSearch":1,"filterable":1,"ext":"http://cj.huimaojia.com:12345/mogai_api.php/v1.vod"},
{"key":"csp_appysv2_天天视频","name":"天天视频(萝卜)","type":3,"api":"csp_AppYsV2","searchable":1,"quickSearch":1,"filterable":1,"ext":"http://app.qianju.cc/api.php/v1.vod"},
{"key":"csp_appysv2_淘剧社","name":"淘剧社(萝卜)","type":3,"api":"csp_AppYsV2","searchable":1,"quickSearch":1,"filterable":1,"ext":"https://app.shuhai99.com/api.php/v1.vod"},
{"key":"csp_appysv2_沭阳影视","name":"沭阳影视(萝卜)","type":3,"api":"csp_AppYsV2","searchable":1,"quickSearch":1,"filterable":1,"ext":"http://zjr.jurentiaodeng.com/api.php/v1.vod"},
{"key":"csp_appysv2_三日影院","name":"三日影院(萝卜)","type":3,"api":"csp_AppYsV2","searchable":1,"quickSearch":1,"filterable":1,"ext":"https://www.3ri.net/api.php/v1.vod"},
{"key":"csp_appysv2_日诚影视","name":"日诚影视(萝卜)","type":3,"api":"csp_AppYsV2","searchable":1,"quickSearch":1,"filterable":1,"ext":"http://tv.rcz168.com/api.php/v1.vod"},
{"key":"csp_appysv2_群鑫影视","name":"群鑫影视(萝卜)","type":3,"api":"csp_AppYsV2","searchable":1,"quickSearch":1,"filterable":1,"ext":"http://www.qunxinys.com/api.php/v1.vod"},
{"key":"csp_appysv2_蒲公英视频","name":"蒲公英视频(萝卜)","type":3,"api":"csp_AppYsV2","searchable":1,"quickSearch":1,"filterable":1,"ext":"http://www.pgy1.top/ruifenglb_api.php/v1.vod"},
{"key":"csp_appysv2_美剧迷","name":"美剧迷(萝卜)","type":3,"api":"csp_AppYsV2","searchable":1,"quickSearch":1,"filterable":1,"ext":"http://mj.zjtv.cc/ruifenglb_api.php/v1.vod"},
{"key":"csp_appysv2_免费影视","name":"免费影视(萝卜)","type":3,"api":"csp_AppYsV2","searchable":1,"quickSearch":1,"filterable":1,"ext":"http://111.229.120.180:88/lvdou_api.php/v1.vod"},
{"key":"csp_appysv2_乐云影视","name":"乐云影视(萝卜)","type":3,"api":"csp_AppYsV2","searchable":1,"quickSearch":1,"filterable":1,"ext":"https://www.leyun.tv/api.php/v1.vod"},
{"key":"csp_appysv2_流星影院","name":"流星影院(萝卜)","type":3,"api":"csp_AppYsV2","searchable":1,"quickSearch":1,"filterable":1,"ext":"http://app.216bk.xyz/api.php/v1.vod"},
{"key":"csp_appysv2_冷视TV","name":"冷视TV(萝卜)","type":3,"api":"csp_AppYsV2","searchable":1,"quickSearch":1,"filterable":1,"ext":"https://len.tv/api.php/v1.vod"},
{"key":"csp_appysv2_龙猫追剧","name":"龙猫追剧(萝卜)","type":3,"api":"csp_AppYsV2","searchable":1,"quickSearch":1,"filterable":1,"ext":"https://lb.ybnxcx.com/api.php/v1.vod"},
{"key":"csp_appysv2_凌晨影视","name":"凌晨影视(萝卜)","type":3,"api":"csp_AppYsV2","searchable":1,"quickSearch":1,"filterable":1,"ext":"https://vip.wscyun.com/api.php/v1.vod"},
{"key":"csp_appysv2_看看视频","name":"看看视频(萝卜)","type":3,"api":"csp_AppYsV2","searchable":1,"quickSearch":1,"filterable":1,"ext":"http://888.ccboke.top/ruifenglb_api.php/v1.vod"},
{"key":"csp_appysv2_看剧吧","name":"看剧吧(萝卜)","type":3,"api":"csp_AppYsV2","searchable":1,"quickSearch":1,"filterable":1,"ext":"http://app.ishen520.com/api.php/v1.vod"},
{"key":"csp_appysv2_快看影视","name":"快看影视(萝卜)","type":3,"api":"csp_AppYsV2","searchable":1,"quickSearch":1,"filterable":1,"ext":"https://kuaikys.com/mogai_api.php/v1.vod"},
{"key":"csp_appysv2_看吧VIP","name":"看吧VIP(萝卜)","type":3,"api":"csp_AppYsV2","searchable":1,"quickSearch":1,"filterable":1,"ext":"http://app.ppli.xyz/api.php/v1.vod"},
{"key":"csp_appysv2_橘子影视","name":"橘子影视(萝卜)","type":3,"api":"csp_AppYsV2","searchable":1,"quickSearch":1,"filterable":1,"ext":"http://jz.juzidy.vip/mogai_api.php/v1.vod"},
{"key":"csp_appysv2_玖肆资源","name":"玖肆资源(萝卜)","type":3,"api":"csp_AppYsV2","searchable":1,"quickSearch":1,"filterable":1,"ext":"http://android.jiusi.vip/mogai_api.php/v1.vod"},
{"key":"csp_appysv2_极酷影视","name":"极酷影视(萝卜)","type":3,"api":"csp_AppYsV2","searchable":1,"quickSearch":1,"filterable":1,"ext":"https://jiku.vip/mogai_api.php/v1.vod"},
{"key":"csp_appysv2_筋斗云影视","name":"筋斗云影视(萝卜)","type":3,"api":"csp_AppYsV2","searchable":1,"quickSearch":1,"filterable":1,"ext":"https://tv.jindcloud.com/api.php/v1.vod"},
{"key":"csp_appysv2_黄河影视","name":"黄河影视(萝卜)","type":3,"api":"csp_AppYsV2","searchable":1,"quickSearch":1,"filterable":1,"ext":"http://i.ledu8.cn/api.php/v1.vod"},
{"key":"csp_appysv2_寒枫视频","name":"寒枫视频(萝卜)","type":3,"api":"csp_AppYsV2","searchable":1,"quickSearch":1,"filterable":1,"ext":"https://vip.shenyunwl.cn/mogai_api.php/v1.vod"},
{"key":"csp_appysv2_风凌影视","name":"风凌影视(萝卜)","type":3,"api":"csp_AppYsV2","searchable":1,"quickSearch":1,"filterable":1,"ext":"https://z1q1.com/mogai_api.php/v1.vod"},
{"key":"csp_appysv2_大威电影","name":"大威电影(萝卜)","type":3,"api":"csp_AppYsV2","searchable":1,"quickSearch":1,"filterable":1,"ext":"http://vip.davdy.com/ruifenglb_api.php/v1.vod"},
{"key":"csp_appysv2_比邻影视","name":"比邻影视(萝卜)","type":3,"api":"csp_AppYsV2","searchable":1,"quickSearch":1,"filterable":1,"ext":"http://0hzy.cn:9990/mogai_api.php/v1.vod"},
{"key":"csp_appysv2_百淘影视","name":"百淘影视(萝卜)","type":3,"api":"csp_AppYsV2","searchable":1,"quickSearch":1,"filterable":1,"ext":"http://ys.58g8.com/lvdou_api.php/v1.vod"},
{"key":"csp_appysv2_艾思影视","name":"艾思影视(萝卜)","type":3,"api":"csp_AppYsV2","searchable":1,"quickSearch":1,"filterable":1,"ext":"https://www.aitee.cc/api.php/v1.vod"},
{"key":"csp_appysv2_艾特影视","name":"艾特影视(萝卜)","type":3,"api":"csp_AppYsV2","searchable":1,"quickSearch":1,"filterable":1,"ext":"https://www.aitee.cc/api.php/v1.vod"},
{"key":"csp_appysv2_阿里影视","name":"阿里影视(萝卜)","type":3,"api":"csp_AppYsV2","searchable":1,"quickSearch":1,"filterable":1,"ext":"http://aliys.cn:90/api.php/v1.vod"},
{"key":"csp_appysv2_爱电影","name":"爱电影(萝卜)","type":3,"api":"csp_AppYsV2","searchable":1,"quickSearch":1,"filterable":1,"ext":"https://www.idianying.com.cn/mogai_api.php/v1.vod"},
{"key":"csp_appysv2_U5影视","name":"U5影视(萝卜)","type":3,"api":"csp_AppYsV2","searchable":1,"quickSearch":1,"filterable":1,"ext":"https://appx.uy07.com/api.php/v1.vod"},
{"key":"csp_appysv2_OK影视","name":"OK影视(萝卜)","type":3,"api":"csp_AppYsV2","searchable":1,"quickSearch":1,"filterable":1,"ext":"http://123.ok00.xyz/api.php/v1.vod"},
{"key":"csp_appysv2_MX影视","name":"MX影视(萝卜)","type":3,"api":"csp_AppYsV2","searchable":1,"quickSearch":1,"filterable":1,"ext":"http://mkk.gotka.top/api.php/v1.vod"},
{"key":"csp_appysv2_69美剧","name":"69美剧(萝卜)","type":3,"api":"csp_AppYsV2","searchable":1,"quickSearch":1,"filterable":1,"ext":"https://www.69mj.com/api.php/v1.vod"},
{"key":"csp_appysv2_影视阁","name":"影视阁(神马)","type":3,"api":"csp_AppYsV2","searchable":1,"quickSearch":1,"filterable":1,"ext":"http://216.98.10.85/api.php/iptv/vod/"},
{"key":"csp_appysv2_小南TV","name":"小南TV(神马)","type":3,"api":"csp_AppYsV2","searchable":1,"quickSearch":1,"filterable":1,"ext":"http://n293.ngys.xyz/mv/api.php/Chengcheng/vod/"},
{"key":"csp_appysv2_天空TV","name":"天空TV(神马)","type":3,"api":"csp_AppYsV2","searchable":1,"quickSearch":1,"filterable":1,"ext":"http://tv.tkys.tv/api.php/iptv/vod/"},
{"key":"csp_appysv2_柠檬TV","name":"柠檬TV(神马)","type":3,"api":"csp_AppYsV2","searchable":1,"quickSearch":1,"filterable":1,"ext":"http://106.12.113.90:7575/api.php/iptv/vod/"},
{"key":"csp_appysv2_芒迅TV","name":"芒迅TV(神马)","type":3,"api":"csp_AppYsV2","searchable":1,"quickSearch":1,"filterable":1,"ext":"http://www.hdyangtv.com/api.php/iptv/vod/"},
{"key":"csp_appysv2_米来影视","name":"米来影视(神马)","type":3,"api":"csp_AppYsV2","searchable":1,"quickSearch":1,"filterable":1,"ext":"http://42.51.37.161:2346/api.php/iptv/vod/"},
{"key":"csp_appysv2_麦看视频","name":"麦看视频(神马)","type":3,"api":"csp_AppYsV2","searchable":1,"quickSearch":1,"filterable":1,"ext":"http://tv.shenaitv.com/api.php/iptv/vod/"},
{"key":"csp_appysv2_金叶影院","name":"金叶影院(神马)","type":3,"api":"csp_AppYsV2","searchable":1,"quickSearch":1,"filterable":1,"ext":"http://r.zjj.life:88/mv/api.php/Chengcheng/vod/"},
{"key":"csp_appysv2_聚多影视","name":"聚多影视(神马)","type":3,"api":"csp_AppYsV2","searchable":1,"quickSearch":1,"filterable":1,"ext":"http://jdys.weetai.cn/api.php/iptv/vod/"},
{"key":"csp_appysv2_盒子视界","name":"盒子视界(神马)","type":3,"api":"csp_AppYsV2","searchable":1,"quickSearch":1,"filterable":1,"ext":"http://eh.tvzy.cc/api.php/iptv/vod/"},
{"key":"csp_appysv2_嘿荼锋","name":"嘿荼锋(神马)","type":3,"api":"csp_AppYsV2","searchable":1,"quickSearch":1,"filterable":1,"ext":"http://tv.hfys8.vip/api.php/Sntv/vod/"},
{"key":"csp_appysv2_贵宾影院","name":"贵宾影院(神马)","type":3,"api":"csp_AppYsV2","searchable":1,"quickSearch":1,"filterable":1,"ext":"https://vipdytv.com/api.php/iptv/vod/"},
{"key":"csp_appysv2_飞扬TV","name":"飞扬TV(神马)","type":3,"api":"csp_AppYsV2","searchable":1,"quickSearch":1,"filterable":1,"ext":"http://diancj.zhenfy.cn/api.php/Chengcheng/vod/"},
{"key":"csp_appysv2_非凡影院","name":"非凡影院(神马)","type":3,"api":"csp_AppYsV2","searchable":1,"quickSearch":1,"filterable":1,"ext":"http://cms.feifan12.xyz/api.php/iptv/vod/"},
{"key":"csp_appysv2_独优影视","name":"独优影视(神马)","type":3,"api":"csp_AppYsV2","searchable":1,"quickSearch":1,"filterable":1,"ext":"http://121.205.88.71:218/api.php/Chengcheng/vod/"},
{"key":"csp_appysv2_CV影视","name":"CV影视(神马)","type":3,"api":"csp_AppYsV2","searchable":1,"quickSearch":1,"filterable":1,"ext":"http://www.cccvvv.top/api.php/iptv/vod/"},
{"key":"csp_appysv2_369TV","name":"369TV(神马)","type":3,"api":"csp_AppYsV2","searchable":0,"quickSearch":0,"filterable":1,"ext":"http://8.142.23.147:555/api.php/Chengcheng/vod/"},
{"key":"csp_appysv2_2号币","name":"2号币(神马)","type":3,"api":"csp_AppYsV2","searchable":1,"quickSearch":1,"filterable":1,"ext":"http://phoebe.cf/api.php/iptv/vod/"},

{"key":"8090资源","name":"8090资源(官)","type":1,"api":"http://zy.yilans.net:8090/api.php/provide/vod/","searchable":1,"quickSearch":1},
{"key":"6U资源","name":"6U资源(官)","type":1,"api":"http://zy.ataoju.com/inc/apijson_vod.php","playUrl":"parse:parwix1","searchable":0,"quickSearch":0},
{"key":"天堂资源","name":"天堂资源(官)","type":1,"api":"http://vipmv.cc/api.php/provide/vod/","playUrl":"parse:parwix1","searchable":1,"quickSearch":1},
{"key":"M3U8.TV资源","name":"M3U8.TV资源(官)","type":1,"api":"http://www.zycaiji.net:7788/api.php/provide/vod/","playUrl":"parse:parwix1","searchable":1,"quickSearch":1},
{"key":"麒麟资源","name":"麒麟资源(官)","type":1,"api":"http://www.qilinzyz.com/api.php/provide/vod/","playUrl":"parse:parwix1","searchable":1,"quickSearch":1},
{"key":"搬运工资源","name":"搬运工资源(官)","type":1,"api":"https://cj.banyung.xyz:7788","searchable":1,"quickSearch":1},
{"key":"诺讯资源","name":"诺讯资源(官)","type":1,"api":"http://caiji.nxflv.com/api.php/provide/vod/","playUrl":"https://www.nxflv.com/?url=","searchable":1,"quickSearch":1},
{"key":"英皇官采","name":"英皇官采(官)","type":0,"api":"https://apicdn.vipm3u8.com/xml","playUrl":"https://player.cdn.ormanjiaju.com/player?token=4732bUERfVb60lWNSLrsd5-2s1r70KeA89C3VwrGYYdByboQT9o4OzxIr5-8/cX9-sO6&vid=","searchable":1,"quickSearch":1},
{"key":"江北资源","name":"江北资源(官)","type":1,"api":"https://gfzycj.hnmj.vip/api.php/provide/vod/","playUrl":"parse:parwix1","searchable":1,"quickSearch":1},
{"key":"思古官采","name":"思古官采(官)","type":1,"api":"http://zy.sgyun.me/api.php/provide/vod/","searchable":1,"quickSearch":1},
{"key":"星一官采","name":"星一官采(官)","type":1,"api":"https://gcku.suboyun.vip/api.php/provide/vod/","playUrl":"https://www.xing1.vip/player/dp/?url=","searchable":1,"quickSearch":1},
{"key":"片库","name":"片库(官)","type":1,"api":"https://pianku.wang/api.php/provide/vod/","searchable":1,"quickSearch":1},
{"key":"看猫","name":"看猫(官)","type":1,"api":"http://124.222.83.15:88/api.php/provide/vod/","playUrl":"parse:parwix1","searchable":1,"quickSearch":1},
{"key":"忆梦","name":"忆梦(官)","type":1,"api":"http://anltv.cn/api.php/provide/vod/","playUrl":"parse:parwix1","searchable":1,"quickSearch":1},
{"key":"土狗官采","name":"土狗官采(官)","type":1,"api":"http://vip-02.tgzy.cc/api.php/provide/vod/","searchable":1,"quickSearch":1},
{"key":"晓成云","name":"晓成云(官)","type":1,"api":"http://cj.cygc.xyz/api.php/provide/vod/","searchable":1,"quickSearch":1},
{"key":"首涂官采","name":"首涂官采(官)","type":1,"api":"http://zy.ishoutu.com/api.php/provide/vod/","searchable":1,"quickSearch":1},
{"key":"奥特曼资源","name":"奥特曼资源(官)","type":1,"api":"https://aotemanzy.com/api.php/provide/vod/","searchable":1,"quickSearch":1},
{"key":"雪人官采","name":"雪人官采(官)","type":1,"api":"https://zl.chinafix.wang/api.php/provide/vod/","searchable":1,"quickSearch":1},
{"key":"木子看剧","name":"木子看剧(官)","type":1,"api":"https://mzkj.maccms.cf/api.php/provide/vod/","searchable":1,"quickSearch":1},
{"key":"极速BT资源","name":"极速BT资源(切)","type":1,"api":"https://api.jisubt.com/videos","searchable":1,"quickSearch":1},
{"key":"步步高资源","name":"步步高资源(切)","type":1,"api":"https://api.yparse.com/api/json","searchable":1,"quickSearch":1},
{"key":"TOM资源","name":"TOM资源(切)","type":1,"api":"https://api.tomcaiji.com/api.php/provide/vod/","searchable":1,"quickSearch":1},
{"key":"快车资源","name":"快车资源(切)","type":1,"api":"https://caiji.kczyapi.com/api.php/provide/vod/","searchable":1,"quickSearch":1},
{"key":"松鼠资源","name":"松鼠资源(切)","type":1,"api":"https://m3u8.songshuzy.com/api.php/provide/vod/","searchable":1,"quickSearch":1},
{"key":"OK资源","name":"OK资源(切)","type":1,"api":"https://www.okcj.site/api/provide/vod/","searchable":1,"quickSearch":1},
{"key":"猫眼资源","name":"猫眼资源(切)","type":1,"api":"http://maoyanapi.com/api.php/provide/vod/","searchable":1,"quickSearch":1},
{"key":"FOX资源","name":"FOX资源(切)","type":1,"api":"https://api.foxzyapi.com/api.php/provide/vod/","searchable":1,"quickSearch":1},
{"key":"量子资源","name":"量子资源(切)","type":1,"api":"http://cj.lziapi.com/api.php/provide/vod/","searchable":1,"quickSearch":1},
{"key":"神速资源","name":"神速资源(切)","type":1,"api":"https://api.sszyapi.com/api.php/provide/vod/","searchable":1,"quickSearch":1},
{"key":"番茄资源","name":"番茄资源(切)","type":1,"api":"http://api.fqzy.cc/api.php/provide/vod/","playUrl":"https://dp.fqplayer.com/dplayer/?url=","searchable":1,"quickSearch":1},
{"key":"卧龙资源","name":"卧龙资源(切)","type":1,"api":"https://collect.wolongzyw.com/api.php/provide/vod/","searchable":1,"quickSearch":1},
{"key":"红牛资源","name":"红牛资源(切)","type":1,"api":"https://www.hongniuzy2.com/api.php/provide/vod/","searchable":1,"quickSearch":1},
{"key":"北斗星资源","name":"北斗星资源(切)","type":1,"api":"https://m3u8.bdxzyapi.com/api.php/provide/vod/","searchable":1,"quickSearch":1},
{"key":"樱花资源","name":"樱花资源(切)","type":1,"api":"https://m3u8.apiyhzy.com/api.php/provide/vod/","searchable":1,"quickSearch":1},
{"key":"想看资源","name":"想看资源(切)","type":1,"api":"https://m3u8.xiangkanapi.com/api.php/provide/vod/","searchable":1,"quickSearch":1},
{"key":"酷点资源","name":"酷点资源(切)","type":1,"api":"https://kudianzy.com/api.php/provide/vod/","searchable":1,"quickSearch":1},
{"key":"速更资源","name":"速更资源(切)","type":1,"api":"https://sugengzy.cn/api.php/provide/vod/","searchable":1,"quickSearch":1},
{"key":"闪电资源","name":"闪电资源(切)","type":1,"api":"http://sdzyapi.com/api.php/provide/vod/","searchable":1,"quickSearch":1},
{"key":"飞速资源","name":"飞速资源(切)","type":1,"api":"https://www.feisuzy.com/api.php/provide/vod/","searchable":1,"quickSearch":1},
{"key":"光速资源","name":"光速资源(切)","type":1,"api":"https://api.guangsuapi.com/api.php/provide/vod/","searchable":1,"quickSearch":1},
{"key":"新浪资源","name":"新浪资源(切)","type":1,"api":"http://api.xinlangapi.com/xinlangapi.php/provide/vod/","searchable":1,"quickSearch":1},
{"key":"鱼乐资源","name":"鱼乐资源(切)","type":1,"api":"https://api.ylzy1.com/api.php/provide/vod/","searchable":1,"quickSearch":1},
{"key":"韩剧资源","name":"韩剧资源(切)","type":1,"api":"http://www.hanjuzy.com/inc/apijson_vod.php","searchable":0,"quickSearch":0},
{"key":"快播资源","name":"快播资源(切)","type":1,"api":"http://www.kuaibozy.com/api.php/provide/vod/","searchable":1,"quickSearch":1},
{"key":"八戒资源","name":"八戒资源(切)","type":1,"api":"http://cj.bajiecaiji.com/inc/apijson_vod.php","searchable":0,"quickSearch":0},
{"key":"百度资源","name":"百度资源(切)","type":1,"api":"https://api.apibdzy.com/api.php/provide/vod/","searchable":1,"quickSearch":1},
{"key":"无尽资源2","name":"无尽资源2(切)","type":1,"api":"https://wuzy9.com/api.php/provide/vod/","searchable":1,"quickSearch":1},
{"key":"无尽资源","name":"无尽资源(切)","type":1,"api":"https://wujinzy.com/api.php/provide/vod/","searchable":1,"quickSearch":1},
{"key":"天空资源","name":"天空资源(切)","type":1,"api":"https://api.tiankongapi.com/api.php/provide/vod/","searchable":1,"quickSearch":1},
{"key":"乐多资源","name":"乐多资源(切)","type":0,"api":"http://cj.leduocaiji.com/inc/api.php","playUrl":"json:https://api.leduotv.com/wp-api/getvodurl.php?vid=","searchable":1,"quickSearch":1},
{"key":"聚合资源","name":"聚合资源(切)","type":1,"api":"https://ziyuan.juhesys.com/api.php/provide/vod/","searchable":1,"quickSearch":1},
{"key":"南国影源","name":"南国影源(切)","type":1,"api":"http://api.nguonphim.tv/api.php/provide/vod/","searchable":1,"quickSearch":1},
{"key":"淘剧鸭","name":"淘剧鸭(优)","type":1,"api":"https://so2.cc/api.php/provide/vod/","searchable":1,"quickSearch":1},
{"key":"293影视","name":"293影视(优)","type":1,"api":"http://293x.yhzy.xyz/mv/api.php/provide/vod/","searchable":1,"quickSearch":1},
{"key":"U酷资源","name":"U酷资源(优)","type":1,"api":"https://api.ukuapi.com/api.php/provide/vod/","searchable":1,"quickSearch":1},
{"key":"看看资源","name":"看看资源(优)","type":1,"api":"https://zy.hikan.xyz/api.php/provide/vod/","searchable":1,"quickSearch":1},
{"key":"淘片资源","name":"淘片资源(优)","type":1,"api":"https://taopianapi.com/home/cjapi/as/mc10/vod/json","searchable":1,"quickSearch":1},
{"key":"一帆资源(VPN)","name":"一帆资源(VPN)(优)","type":1,"api":"http://api.if101.tv/v1/vod?ac=list","searchable":0,"quickSearch":0},
{"key":"开放云(X5)","name":"开放云(X5)(优)","type":1,"api":"https://z.iopenyun.com:99/apiopy.php/provide/vod/from/Tcm3u8/?ac=list","searchable":1,"quickSearch":1},
{"key":"唐人资源","name":"唐人资源(优)","type":1,"api":"https://tangrenzyz.com/api.php/provide/vod/","searchable":1,"quickSearch":1},
{"key":"789盘","name":"789盘(优)","type":1,"api":"https://www.rrvipw.com/api.php/provide/vod/from/789pan/","searchable":1,"quickSearch":1},
{"key":"喵派对蓝光","name":"喵派对蓝光(优)","type":1,"api":"http://langaung-caicaici-ji.66yk.cn/api.php/provide/vod/","searchable":1,"quickSearch":1},
{"key":"酷扑(人人迷)","name":"酷扑(人人迷)(优)","type":1,"api":"https://www.kupu.cc/api.php/provide/vod/","searchable":1,"quickSearch":1},
{"key":"旋风云","name":"旋风云(优)","type":1,"api":"http://appimg.ssxmall.cn/api.php/provide/vod/","playUrl":"https://jx.58g8.com/1/?url=","searchable":1,"quickSearch":1},
{"key":"奈菲迷","name":"奈菲迷(优)","type":1,"api":"https://app.netflixmi.com/ruifenglb_api.php/provide/vod/","searchable":1,"quickSearch":1},
{"key":"鸭奈飞","name":"鸭奈飞(优)","type":1,"api":"http://newtv.yanaifei.cn/api.php/provide/vod/","searchable":1,"quickSearch":1},
{"key":"鸭奈飞1","name":"鸭奈飞1(优)","type":1,"api":"http://106.13.199.87:4433/api.php/provide/vod/","searchable":1,"quickSearch":1},
{"key":"皮荼熊TV","name":"皮荼熊TV(优)","type":1,"api":"https://www.psinu.com/api.php/provide/vod/","searchable":1,"quickSearch":1},
{"key":"影世界","name":"影世界(优)","type":1,"api":"https://video.yingworld.vip/api.php/provide/vod/","searchable":1,"quickSearch":1,"categories":["电影","连续剧","综艺","动漫"]},
{"key":"XYUI","name":"XYUI(优)","type":1,"api":"http://jx4.xyui.top:7001/api.php/provide/vod/","searchable":1,"quickSearch":1},
{"key":"ASMR","name":"ASMR(优)","type":1,"api":"http://www.asmr19.in/api.php/provide/vod/","searchable":1,"quickSearch":1},
{"key":"饭后电影","name":"饭后电影(优)","type":1,"api":"http://yinliub.cn/api.php/provide/vod/","searchable":1,"quickSearch":1},
{"key":"考拉TV","name":"考拉TV(优)","type":1,"api":"https://ikaola.tv/api.php/provide/vod/","playUrl":"https://ikaola.tv/vwnet/dplayer/?url=","searchable":1,"quickSearch":1},
{"key":"荔枝影视","name":"荔枝影视(优)","type":1,"api":"http://www.zjys.vip/api.php/provide/vod/","searchable":1,"quickSearch":1},
{"key":"段友影视","name":"段友影视(优)","type":1,"api":"http://shangjihuoke.com/api.php/provide/vod/","searchable":1,"quickSearch":1},
{"key":"一点影视","name":"一点影视(优)","type":1,"api":"https://m3u8.movurl.xyz/api.php/provide/vod/","searchable":1,"quickSearch":1},
{"key":"旧梦影视","name":"旧梦影视(优)","type":1,"api":"https://mac.qd234.cn/api.php/provide/vod/","searchable":1,"quickSearch":1},
{"key":"51看剧","name":"51看剧(优)","type":1,"api":"http://51kanju.cn/api.php/provide/vod/","searchable":1,"quickSearch":1},
{"key":"思古影院","name":"思古影院(优)","type":1,"api":"https://www.siguyy.net/api.php/provide/vod/","searchable":1,"quickSearch":1},
{"key":"天天看","name":"天天看(优)","type":1,"api":"https://www.ttky8.com/api.php/provide/vod/","searchable":1,"quickSearch":1},
{"key":"每天看看","name":"每天看看(优)","type":1,"api":"http://47.113.126.237:1234/api.php/provide/vod/","playUrl":"parse:parwix1","searchable":1,"quickSearch":1},
{"key":"一拳动漫","name":"一拳动漫(优)","type":1,"api":"http://47.97.68.224/api.php/provide/vod/","searchable":1,"quickSearch":1},
{"key":"BL视频","name":"BL视频(优)","type":1,"api":"https://bljiex.com/api.php/provide/vod/","searchable":1,"quickSearch":1},
{"key":"畅视影视","name":"畅视影视(优)","type":1,"api":"http://app.reboju.net/api.php/provide/vod/","playUrl":"parse:parwix1","searchable":1,"quickSearch":1},
{"key":"OmoFun动漫","name":"OmoFun动漫(优)","type":1,"api":"https://omofun.tv/api.php/provide/vod/","searchable":1,"quickSearch":1},
{"key":"人人资源","name":"人人资源(优)","type":1,"api":"http://www.rrzyw.cc/api.php/provide/vod/","searchable":1,"quickSearch":1},
{"key":"人人影视","name":"人人影视(优)","type":1,"api":"https://www.rrvipw.com/api.php/provide/vod/","searchable":1,"quickSearch":1},
{"key":"小蜻蜓APP","name":"小蜻蜓APP(优)","type":1,"api":"http://3ketv.com/api.php/provide/vod/","searchable":1,"quickSearch":1},
{"key":"乐活影视","name":"乐活影视(优)","type":1,"api":"https://lehootv.com/api.php/provide/vod/","searchable":1,"quickSearch":1},
{"key":"星一蓝光","name":"星一蓝光(优)","type":1,"api":"http://lgku.suboyun.cn/api.php/provide/vod/","searchable":1,"quickSearch":1},
{"key":"筋斗云","name":"筋斗云(优)","type":1,"api":"https://tv.jindcloud.com/api.php/provide/vod/","playUrl":"parse:parwix1","searchable":1,"quickSearch":1},
{"key":"影图","name":"影图(聚)","type":1,"api":"https://cj.vodimg.top/api.php/provide/vod/","searchable":1,"quickSearch":1},
{"key":"猪猪影院","name":"猪猪影院(聚)","type":1,"api":"https://www.2zdyy.com/api.php/provide/vod/","searchable":1,"quickSearch":1},
{"key":"美剧星球","name":"美剧星球(聚)","type":1,"api":"https://www.meijuxq.tv/inc/apijson_vod.php","searchable":0,"quickSearch":0},
{"key":"初恋云影视","name":"初恋云影视(聚)","type":1,"api":"https://video.xuanqi.pro/api.php/provide/vod/","playUrl":"parse:parwix1","searchable":1,"quickSearch":1},
{"key":"绿地影视","name":"绿地影视(聚)","type":1,"api":"https://v.lvdi.vip/api.php/provide/vod/","searchable":1,"quickSearch":1},
{"key":"天天影视","name":"天天影视(聚)","type":1,"api":"http://tt2022.ga/api.php/provide/vod/","searchable":1,"quickSearch":1},
{"key":"小猫咪","name":"小猫咪(聚)","type":1,"api":"http://zy.xiaomaomi.cc/api.php/provide/vod/","playUrl":"http://xiaomaomi.cc/player/?url=","searchable":1,"quickSearch":1},
{"key":"随缘电影","name":"随缘电影(聚)","type":1,"api":"https://baobei666.com/inc/apijson_vod.php","playUrl":"parse:parwix1","searchable":0,"quickSearch":0},
{"key":"飘零影院","name":"飘零影院(聚)","type":1,"api":"https://p2100.net/api.php/provide/vod/","searchable":1,"quickSearch":1},
{"key":"酷点影视","name":"酷点影视(聚)","type":1,"api":"http://ys.kudian6.com/api.php/provide/vod/","searchable":1,"quickSearch":1},
{"key":"小城影视","name":"小城影视(聚)","type":1,"api":"http://cygc.xyz:84/api.php/provide/vod/","searchable":1,"quickSearch":1},
{"key":"橘子影视","name":"橘子影视(聚)","type":1,"api":"http://jz.juzidy.vip/api.php/provide/vod/","searchable":1,"quickSearch":1},
{"key":"小慧影视","name":"小慧影视(聚)","type":1,"api":"http://dy.xxga.tk/api.php/provide/vod/","searchable":1,"quickSearch":1},
{"key":"超高清影视","name":"超高清影视(聚)","type":1,"api":"http://shdmv.com/api.php/provide/vod/","searchable":1,"quickSearch":1},
{"key":"艾旦影视","name":"艾旦影视(聚)","type":1,"api":"https://lovedan.net/api.php/provide/vod/","searchable":1,"quickSearch":1},
{"key":"艾思影院","name":"艾思影院(聚)","type":1,"api":"https://www.aitee.cc/api.php/provide/vod/","playUrl":"https://jx.zjmiao.com/?url=","searchable":1,"quickSearch":1},
{"key":"VV影视","name":"VV影视(聚)","type":1,"api":"https://vvdy.org/api.php/provide/vod/","playUrl":"https://vvdy.org/dm/?url=","searchable":1,"quickSearch":1},
{"key":"趣看","name":"趣看(聚)","type":1,"api":"https://qkmp4.cn/api.php/provide/vod/","searchable":0,"quickSearch":0},
{"key":"迅播影院","name":"迅播影院(聚)","type":1,"api":"https://www.qgvod.com/api.php/provide/vod/","searchable":1,"quickSearch":1},
{"key":"39影视","name":"39影视(聚)","type":1,"api":"https://www.39kan.com/api.php/provide/vod/","searchable":1,"quickSearch":1},
{"key":"剧大神","name":"剧大神(聚)","type":1,"api":"http://judashen.com/api.php/provide/vod/","playUrl":"parse:parwix1","searchable":1,"quickSearch":1},
{"key":"8K影视","name":"8K影视(聚)","type":1,"api":"http://vip.8kvod.com:888/8kvodapilgxc.php/provide/vod/","searchable":1,"quickSearch":1},
{"key":"嗨哆咪影视","name":"嗨哆咪影视(聚)","type":1,"api":"http://hdmys1.com/api.php/provide/vod/","searchable":1,"quickSearch":1},
{"key":"橘猫影视","name":"橘猫影视(聚)","type":1,"api":"http://www.zitv.cc/api.php/provide/vod/","searchable":1,"quickSearch":1},
{"key":"速影","name":"速影(聚)","type":1,"api":"https://速影128.xyz/inc/apijson.php","searchable":0,"quickSearch":0},
{"key":"飞鱼影视","name":"飞鱼影视(聚)","type":1,"api":"https://app.feiyu5.com/api.php/provide/vod/","searchable":1,"quickSearch":1},
{"key":"飘花电影","name":"飘花电影(聚)","type":1,"api":"http://www.zzrhgg.com/api.php/provide/vod/","searchable":1,"quickSearch":1},
{"key":"晓峰影视","name":"晓峰影视(聚)","type":1,"api":"http://api.xxcr.tk/api.php/provide/vod/","searchable":1,"quickSearch":1},
{"key":"千寻时光","name":"千寻时光(聚)","type":1,"api":"http://wy.dqyhg.cn/api.php/provide/vod/","playUrl":"parse:parwix1","searchable":1,"quickSearch":1},
{"key":"快看客栈","name":"快看客栈(聚)","type":1,"api":"https://www.vp1127.com/api.php/provide/vod/","searchable":1,"quickSearch":1},
{"key":"网民电影","name":"网民电影(聚)","type":1,"api":"https://www.prinevillesda.org/api.php/provide/vod/","searchable":1,"quickSearch":1},
{"key":"MBO影视","name":"MBO影视(聚)","type":0,"api":"https://www.mbomovie.com/api.php/provide/vod/at/xml/","searchable":0,"quickSearch":0},
{"key":"兔子窝","name":"兔子窝(聚)","type":1,"api":"http://cj.huimaojia.com:12345/api.php/provide/vod/","playUrl":"parse:parwix1","searchable":1,"quickSearch":1},
{"key":"哇可可影视","name":"哇可可影视(聚)","type":1,"api":"https://www.zwcoco.com/api.php/provide/vod/","searchable":1,"quickSearch":1},
{"key":"共青春","name":"共青春(聚)","type":1,"api":"https://gqcyy.com/api.php/provide/vod/","playUrl":"parse:parwix1","searchable":1,"quickSearch":1},
{"key":"酷猫影视","name":"酷猫影视(聚)","type":1,"api":"https://www.pgcms10.com/api.php/provide/vod/","searchable":1,"quickSearch":1},
{"key":"胖猫影视","name":"胖猫影视(聚)","type":1,"api":"http://www.pangmaotv.com/api.php/provide/vod/","searchable":1,"quickSearch":1},
{"key":"嘛哩嘛哩","name":"嘛哩嘛哩(聚)","type":1,"api":"https://malimali3.com/api.php/provide/vod/","playUrl":"parse:parwix1","searchable":1,"quickSearch":1,"categories":["国产动漫","日韩动漫","欧美动漫","港台动漫"]},

{"key":"csp_biubiu_厂长资源-蓝光","name":"🥒厂长资源-蓝光(XB)","type":3,"api":"csp_XBiubiu","searchable":1,"quickSearch":1,"filterable":0,"ext":"clan://mao9527/MeowXB/厂长资源-蓝光.json"},
{"key":"csp_biubiu_特狗影视","name":"🥒特狗影视(XB)","type":3,"api":"csp_XBiubiu","searchable":1,"quickSearch":1,"filterable":0,"ext":"clan://mao9527/MeowXB/特狗影视.json"},
{"key":"csp_biubiu_喜鹊视频","name":"🥒喜鹊视频(XB)","type":3,"api":"csp_XBiubiu","searchable":1,"quickSearch":1,"filterable":0,"ext":"clan://mao9527/MeowXB/喜鹊视频.json"},
{"key":"csp_biubiu_瓜皮TV","name":"🥒瓜皮TV(XB)","type":3,"api":"csp_XBiubiu","searchable":1,"quickSearch":1,"filterable":0,"ext":"clan://mao9527/MeowXB/瓜皮TV.json"},
{"key":"csp_biubiu_真的卡影院","name":"🥒真的卡影院(XB)","type":3,"api":"csp_XBiubiu","searchable":1,"quickSearch":1,"filterable":0,"ext":"clan://mao9527/MeowXB/真的卡影院.json"},
{"key":"csp_biubiu_荣耀Glory","name":"🥒荣耀Glory(XB)","type":3,"api":"csp_XBiubiu","searchable":1,"quickSearch":1,"filterable":0,"ext":"clan://mao9527/MeowXB/荣耀Glory.json"},
{"key":"csp_biubiu_87影院","name":"🥒87影院(XB)","type":3,"api":"csp_XBiubiu","searchable":1,"quickSearch":1,"filterable":0,"ext":"clan://mao9527/MeowXB/87影院.json"},
{"key":"csp_biubiu_蓝光影院","name":"🥒蓝光影院(XB)","type":3,"api":"csp_XBiubiu","searchable":1,"quickSearch":1,"filterable":1,"ext":"clan://mao9527/MeowXB/蓝光影院.json"},
{"key":"csp_biubiu_干饭影视","name":"🥒干饭影视(XB)","type":3,"api":"csp_XBiubiu","searchable":1,"quickSearch":1,"filterable":0,"ext":"clan://mao9527/MeowXB/干饭影视.json"},
{"key":"csp_biubiu_虚拟影院","name":"🥒虚拟影院(XB)","type":3,"api":"csp_XBiubiu","searchable":1,"quickSearch":1,"filterable":0,"ext":"clan://mao9527/MeowXB/虚拟影院.json"},
{"key":"csp_biubiu_OmoFun动漫","name":"🥒OmoFun动漫(XB)","type":3,"api":"csp_XBiubiu","searchable":1,"quickSearch":1,"filterable":0,"ext":"clan://mao9527/MeowXB/OmoFun动漫.json"},
{"key":"csp_biubiu_去看吧","name":"🥒去看吧(XB)","type":3,"api":"csp_XBiubiu","searchable":1,"quickSearch":1,"filterable":0,"ext":"clan://mao9527/MeowXB/去看吧.json"},
{"key":"csp_biubiu_次元城","name":"🥒次元城(XB)","type":3,"api":"csp_XBiubiu","searchable":1,"quickSearch":1,"filterable":0,"ext":"clan://mao9527/MeowXB/次元城.json"},
{"key":"csp_biubiu_风车动漫","name":"🥒风车动漫(XB)","type":3,"api":"csp_XBiubiu","searchable":1,"quickSearch":1,"filterable":0,"ext":"clan://mao9527/MeowXB/风车动漫.json"},
{"key":"csp_biubiu_森屋新番","name":"🥒森屋新番(XB)","type":3,"api":"csp_XBiubiu","searchable":1,"quickSearch":1,"filterable":0,"ext":"clan://mao9527/MeowXB/森屋新番.json"},
{"key":"csp_biubiu_漫岛动漫","name":"🥒漫岛动漫(XB)","type":3,"api":"csp_XBiubiu","searchable":1,"quickSearch":1,"filterable":0,"ext":"clan://mao9527/MeowXB/漫岛动漫.json"},
{"key":"csp_biubiu_打驴动漫","name":"🥒打驴动漫(XB)","type":3,"api":"csp_XBiubiu","searchable":1,"quickSearch":1,"filterable":0,"ext":"clan://mao9527/MeowXB/打驴动漫.json"},
{"key":"csp_biubiu_维奇动漫","name":"🥒维奇动漫(XB)","type":3,"api":"csp_XBiubiu","searchable":1,"quickSearch":1,"filterable":0,"ext":"clan://mao9527/MeowXB/维奇动漫.json"},
{"key":"csp_biubiu_真不卡影院(不支持搜索)","name":"🥒真不卡影院(不支持搜索)(XB)","type":3,"api":"csp_XBiubiu","searchable":0,"quickSearch":0,"filterable":0,"ext":"clan://mao9527/MeowXB/真不卡影院(不支持搜索).json"},
{"key":"csp_biubiu_在线之家","name":"🥒在线之家(XB)","type":3,"api":"csp_XBiubiu","searchable":1,"quickSearch":1,"filterable":0,"ext":"clan://mao9527/MeowXB/在线之家.json"},
{"key":"csp_biubiu_COKEMV","name":"🥒COKEMV(XB)","type":3,"api":"csp_XBiubiu","searchable":1,"quickSearch":1,"filterable":0,"ext":"clan://mao9527/MeowXB/COKEMV.json"},
{"key":"csp_biubiu_影视工厂","name":"🥒影视工厂(XB)","type":3,"api":"csp_XBiubiu","searchable":1,"quickSearch":1,"filterable":0,"ext":"clan://mao9527/MeowXB/影视工厂.json"},
{"key":"csp_biubiu_双十电影","name":"🥒双十电影(XB)","type":3,"api":"csp_XBiubiu","searchable":1,"quickSearch":1,"filterable":0,"ext":"clan://mao9527/MeowXB/双十电影.json"},
{"key":"csp_biubiu_555电影","name":"🥒555电影(XB)","type":3,"api":"csp_XBiubiu","searchable":1,"quickSearch":1,"filterable":0,"ext":"clan://mao9527/MeowXB/555电影.json"},
{"key":"csp_biubiu_骚火电影","name":"🥒骚火电影(XB)","type":3,"api":"csp_XBiubiu","searchable":1,"quickSearch":1,"filterable":0,"ext":"clan://mao9527/MeowXB/骚火电影.json"},
{"key":"csp_biubiu_周末电影","name":"🥒周末电影(XB)","type":3,"api":"csp_XBiubiu","searchable":1,"quickSearch":1,"filterable":0,"ext":"clan://mao9527/MeowXB/周末电影.json"},
{"key":"csp_biubiu_剧白白-蓝光","name":"🥒剧白白-蓝光(XB)","type":3,"api":"csp_XBiubiu","searchable":1,"quickSearch":1,"filterable":0,"ext":"clan://mao9527/MeowXB/剧白白-蓝光.json"},
{"key":"csp_biubiu_火火影视","name":"🥒火火影视(XB)","type":3,"api":"csp_XBiubiu","searchable":1,"quickSearch":1,"filterable":0,"ext":"clan://mao9527/MeowXB/火火影视.json"},
{"key":"csp_biubiu_天空资源","name":"🥒天空资源(XB)","type":3,"api":"csp_XBiubiu","searchable":1,"quickSearch":1,"filterable":0,"ext":"clan://mao9527/MeowXB/天空资源.json"},
{"key":"csp_biubiu_完美看看影视","name":"🥒完美看看影视(XB)","type":3,"api":"csp_XBiubiu","searchable":1,"quickSearch":1,"filterable":0,"ext":"clan://mao9527/MeowXB/完美看看影视.json"},
{"key":"csp_biubiu_达达龟","name":"🥒达达龟(XB)","type":3,"api":"csp_XBiubiu","searchable":1,"quickSearch":1,"filterable":0,"ext":"clan://mao9527/MeowXB/达达龟.json"},
{"key":"csp_biubiu_乐猪影视","name":"🥒乐猪影视(XB)","type":3,"api":"csp_XBiubiu","searchable":1,"quickSearch":1,"filterable":0,"ext":"clan://mao9527/MeowXB/乐猪影视.json"},
{"key":"csp_biubiu_口袋影院","name":"🥒口袋影院(XB)","type":3,"api":"csp_XBiubiu","searchable":1,"quickSearch":1,"filterable":0,"ext":"clan://mao9527/MeowXB/口袋影院.json"},
{"key":"csp_biubiu_黑洞影视","name":"🥒黑洞影视(XB)","type":3,"api":"csp_XBiubiu","searchable":1,"quickSearch":1,"filterable":0,"ext":"clan://mao9527/MeowXB/黑洞影视.json"},
{"key":"csp_biubiu_神马影视","name":"🥒神马影视(XB)","type":3,"api":"csp_XBiubiu","searchable":1,"quickSearch":1,"filterable":0,"ext":"clan://mao9527/MeowXB/神马影视.json"},
{"key":"csp_biubiu_六度TV","name":"🥒六度TV(XB)","type":3,"api":"csp_XBiubiu","searchable":1,"quickSearch":1,"filterable":0,"ext":"clan://mao9527/MeowXB/六度TV.json"},
{"key":"csp_biubiu_花猫TV","name":"🥒花猫TV(XB)","type":3,"api":"csp_XBiubiu","searchable":1,"quickSearch":1,"filterable":0,"ext":"clan://mao9527/MeowXB/花猫TV.json"},
{"key":"csp_biubiu_348电影网","name":"🥒348电影网(XB)","type":3,"api":"csp_XBiubiu","searchable":1,"quickSearch":1,"filterable":0,"ext":"clan://mao9527/MeowXB/348电影网.json"},
{"key":"csp_biubiu_GIMY影视","name":"🥒GIMY影视(XB)","type":3,"api":"csp_XBiubiu","searchable":1,"quickSearch":1,"filterable":0,"ext":"clan://mao9527/MeowXB/GIMY影视.json"},
{"key":"csp_biubiu_GimyTV","name":"🥒GimyTV(XB)","type":3,"api":"csp_XBiubiu","searchable":1,"quickSearch":1,"filterable":0,"ext":"clan://mao9527/MeowXB/GimyTV.json"},
{"key":"csp_biubiu_YYDS影院","name":"🥒YYDS影院(XB)","type":3,"api":"csp_XBiubiu","searchable":1,"quickSearch":1,"filterable":0,"ext":"clan://mao9527/MeowXB/YYDS影院.json"},
{"key":"csp_biubiu_思乐影视","name":"🥒思乐影视(XB)","type":3,"api":"csp_XBiubiu","searchable":1,"quickSearch":1,"filterable":0,"ext":"clan://mao9527/MeowXB/思乐影视.json"},
{"key":"csp_biubiu_开心果电影网","name":"🥒开心果电影网(XB)","type":3,"api":"csp_XBiubiu","searchable":1,"quickSearch":1,"filterable":0,"ext":"clan://mao9527/MeowXB/开心果电影网.json"},
{"key":"csp_biubiu_如如影视","name":"🥒如如影视(XB)","type":3,"api":"csp_XBiubiu","searchable":1,"quickSearch":1,"filterable":0,"ext":"clan://mao9527/MeowXB/如如影视.json"},
{"key":"csp_biubiu_VIP电影院","name":"🥒VIP电影院(XB)","type":3,"api":"csp_XBiubiu","searchable":1,"quickSearch":1,"filterable":0,"ext":"clan://mao9527/MeowXB/VIP电影院.json"},
{"key":"csp_biubiu_看一看影视","name":"🥒看一看影视(XB)","type":3,"api":"csp_XBiubiu","searchable":1,"quickSearch":1,"filterable":0,"ext":"clan://mao9527/MeowXB/看一看影视.json"},
{"key":"csp_biubiu_789影视","name":"🥒789影视(XB)","type":3,"api":"csp_XBiubiu","searchable":1,"quickSearch":1,"filterable":0,"ext":"clan://mao9527/MeowXB/789影视.json"},
{"key":"csp_biubiu_人人影视","name":"🥒人人影视(XB)","type":3,"api":"csp_XBiubiu","searchable":1,"quickSearch":1,"filterable":0,"ext":"clan://mao9527/MeowXB/人人影视.json"},
{"key":"csp_biubiu_31看影视","name":"🥒31看影视(XB)","type":3,"api":"csp_XBiubiu","searchable":1,"quickSearch":1,"filterable":0,"ext":"clan://mao9527/MeowXB/31看影视.json"},
{"key":"csp_biubiu_小强迷","name":"🥒小强迷(XB)","type":3,"api":"csp_XBiubiu","searchable":1,"quickSearch":1,"filterable":0,"ext":"clan://mao9527/MeowXB/小强迷.json"},
{"key":"csp_biubiu_chok8电影","name":"🥒chok8电影(XB)","type":3,"api":"csp_XBiubiu","searchable":1,"quickSearch":1,"filterable":0,"ext":"clan://mao9527/MeowXB/chok8电影.json"},
{"key":"csp_biubiu_九州影视","name":"🥒九州影视(XB)","type":3,"api":"csp_XBiubiu","searchable":1,"quickSearch":1,"filterable":0,"ext":"clan://mao9527/MeowXB/九州影视.json"},
{"key":"csp_biubiu_融兴影视","name":"🥒融兴影视(XB)","type":3,"api":"csp_XBiubiu","searchable":1,"quickSearch":1,"filterable":0,"ext":"clan://mao9527/MeowXB/融兴影视.json"},
{"key":"csp_biubiu_鸭奈飞","name":"🥒鸭奈飞(XB)","type":3,"api":"csp_XBiubiu","searchable":1,"quickSearch":1,"filterable":0,"ext":"clan://mao9527/MeowXB/鸭奈飞.json"},
{"key":"csp_biubiu_爱港剧","name":"🥒爱港剧(XB)","type":3,"api":"csp_XBiubiu","searchable":1,"quickSearch":1,"filterable":0,"ext":"clan://mao9527/MeowXB/爱港剧.json"},
{"key":"csp_biubiu_23影院","name":"🥒23影院(XB)","type":3,"api":"csp_XBiubiu","searchable":1,"quickSearch":1,"filterable":0,"ext":"clan://mao9527/MeowXB/23影院.json"},
{"key":"csp_biubiu_VIP1280","name":"🥒VIP1280(XB)","type":3,"api":"csp_XBiubiu","searchable":1,"quickSearch":1,"filterable":0,"ext":"clan://mao9527/MeowXB/VIP1280.json"},
{"key":"csp_biubiu_小熊影视","name":"🥒小熊影视(XB)","type":3,"api":"csp_XBiubiu","searchable":1,"quickSearch":1,"filterable":0,"ext":"clan://mao9527/MeowXB/小熊影视.json"},
{"key":"csp_biubiu_手机看剧","name":"🥒手机看剧(XB)","type":3,"api":"csp_XBiubiu","searchable":1,"quickSearch":1,"filterable":0,"ext":"clan://mao9527/MeowXB/手机看剧.json"},
{"key":"csp_biubiu_创艺影视","name":"🥒创艺影视(XB)","type":3,"api":"csp_XBiubiu","searchable":1,"quickSearch":1,"filterable":0,"ext":"clan://mao9527/MeowXB/创艺影视.json"},
{"key":"csp_biubiu_炫猫影视","name":"🥒炫猫影视(XB)","type":3,"api":"csp_XBiubiu","searchable":1,"quickSearch":1,"filterable":0,"ext":"clan://mao9527/MeowXB/炫猫影视.json"},
{"key":"csp_biubiu_奈落影院","name":"🥒奈落影院(XB)","type":3,"api":"csp_XBiubiu","searchable":1,"quickSearch":1,"filterable":0,"ext":"clan://mao9527/MeowXB/奈落影院.json"},
{"key":"csp_biubiu_神马影院","name":"🥒神马影院(XB)","type":3,"api":"csp_XBiubiu","searchable":1,"quickSearch":1,"filterable":0,"ext":"clan://mao9527/MeowXB/神马影院.json"},
{"key":"csp_biubiu_哔嘀影视","name":"🥒哔嘀影视(XB)","type":3,"api":"csp_XBiubiu","searchable":1,"quickSearch":1,"filterable":0,"ext":"clan://mao9527/MeowXB/哔嘀影视.json"},
{"key":"csp_biubiu_利丽娅电影","name":"🥒利丽娅电影(XB)","type":3,"api":"csp_XBiubiu","searchable":1,"quickSearch":1,"filterable":0,"ext":"clan://mao9527/MeowXB/利丽娅电影.json"},
{"key":"csp_biubiu_奈菲影院","name":"🥒奈菲影院(XB)","type":3,"api":"csp_XBiubiu","searchable":1,"quickSearch":1,"filterable":0,"ext":"clan://mao9527/MeowXB/奈菲影院.json"},
{"key":"csp_biubiu_七年影视","name":"🥒七年影视(XB)","type":3,"api":"csp_XBiubiu","searchable":1,"quickSearch":1,"filterable":0,"ext":"clan://mao9527/MeowXB/七年影视.json"},
{"key":"csp_biubiu_大象TV","name":"🥒大象TV(XB)","type":3,"api":"csp_XBiubiu","searchable":1,"quickSearch":1,"filterable":0,"ext":"clan://mao9527/MeowXB/大象TV.json"},
{"key":"csp_biubiu_4kan电影网","name":"🥒4kan电影网(XB)","type":3,"api":"csp_XBiubiu","searchable":1,"quickSearch":1,"filterable":0,"ext":"clan://mao9527/MeowXB/4kan电影网.json"},
{"key":"csp_biubiu_蓝莓影视","name":"🥒蓝莓影视(XB)","type":3,"api":"csp_XBiubiu","searchable":1,"quickSearch":1,"filterable":0,"ext":"clan://mao9527/MeowXB/蓝莓影视.json"},
{"key":"csp_biubiu_奇优影院（不支持搜）","name":"🥒奇优影院（不支持搜）(XB)","type":3,"api":"csp_XBiubiu","searchable":0,"quickSearch":0,"filterable":0,"ext":"clan://mao9527/MeowXB/奇优影院（不支持搜）.json"},
{"key":"csp_biubiu_影渣渣","name":"🥒影渣渣(XB)","type":3,"api":"csp_XBiubiu","searchable":1,"quickSearch":1,"filterable":0,"ext":"clan://mao9527/MeowXB/影渣渣.json"},
{"key":"csp_biubiu_牛马TV","name":"🥒牛马TV(XB)","type":3,"api":"csp_XBiubiu","searchable":1,"quickSearch":1,"filterable":0,"ext":"clan://mao9527/MeowXB/牛马TV.json"},
{"key":"csp_biubiu_飘花播播","name":"🥒飘花播播(XB)","type":3,"api":"csp_XBiubiu","searchable":1,"quickSearch":1,"filterable":0,"ext":"clan://mao9527/MeowXB/飘花播播.json"},
{"key":"csp_biubiu_星空影视","name":"🥒星空影视(XB)","type":3,"api":"csp_XBiubiu","searchable":1,"quickSearch":1,"filterable":0,"ext":"clan://mao9527/MeowXB/星空影视.json"},
{"key":"csp_biubiu_豆角网","name":"🥒豆角网(XB)","type":3,"api":"csp_XBiubiu","searchable":1,"quickSearch":1,"filterable":0,"ext":"clan://mao9527/MeowXB/豆角网.json"},
{"key":"csp_biubiu_尘落影院","name":"🥒尘落影院(XB)","type":3,"api":"csp_XBiubiu","searchable":1,"quickSearch":1,"filterable":0,"ext":"clan://mao9527/MeowXB/尘落影院.json"},
{"key":"csp_biubiu_city电影","name":"🥒city电影(XB)","type":3,"api":"csp_XBiubiu","searchable":1,"quickSearch":1,"filterable":0,"ext":"clan://mao9527/MeowXB/city电影.json"},
{"key":"csp_biubiu_小傻瓜","name":"🥒小傻瓜(XB)","type":3,"api":"csp_XBiubiu","searchable":1,"quickSearch":1,"filterable":0,"ext":"clan://mao9527/MeowXB/小傻瓜.json"},
{"key":"csp_biubiu_电影馆","name":"🥒电影馆(XB)","type":3,"api":"csp_XBiubiu","searchable":1,"quickSearch":1,"filterable":0,"ext":"clan://mao9527/MeowXB/电影馆.json"},
{"key":"csp_biubiu_爱看影视","name":"🥒爱看影视(XB)","type":3,"api":"csp_XBiubiu","searchable":1,"quickSearch":1,"filterable":0,"ext":"clan://mao9527/MeowXB/爱看影视.json"},
{"key":"csp_biubiu_视中心影院","name":"🥒视中心影院(XB)","type":3,"api":"csp_XBiubiu","searchable":1,"quickSearch":1,"filterable":0,"ext":"clan://mao9527/MeowXB/视中心影院.json"},
{"key":"csp_biubiu_老茶馆","name":"🥒老茶馆(XB)","type":3,"api":"csp_XBiubiu","searchable":1,"quickSearch":1,"filterable":0,"ext":"clan://mao9527/MeowXB/老茶馆.json"},
{"key":"csp_biubiu_凛冬又至","name":"🥒凛冬又至(XB)","type":3,"api":"csp_XBiubiu","searchable":1,"quickSearch":1,"filterable":0,"ext":"clan://mao9527/MeowXB/凛冬又至.json"},
{"key":"csp_biubiu_红领巾","name":"🥒红领巾(XB)","type":3,"api":"csp_XBiubiu","searchable":1,"quickSearch":1,"filterable":0,"ext":"clan://mao9527/MeowXB/红领巾.json"},
{"key":"csp_biubiu_老电影","name":"🥒老电影(XB)","type":3,"api":"csp_XBiubiu","searchable":1,"quickSearch":1,"filterable":0,"ext":"clan://mao9527/MeowXB/老电影.json"},
{"key":"csp_biubiu_Nike影视网","name":"🥒Nike影视网(XB)","type":3,"api":"csp_XBiubiu","searchable":1,"quickSearch":1,"filterable":0,"ext":"clan://mao9527/MeowXB/Nike影视网.json"},
{"key":"csp_biubiu_伊雪湾","name":"🥒伊雪湾(XB)","type":3,"api":"csp_XBiubiu","searchable":1,"quickSearch":1,"filterable":0,"ext":"clan://mao9527/MeowXB/伊雪湾.json"},
{"key":"csp_biubiu_极品影视","name":"🥒极品影视(XB)","type":3,"api":"csp_XBiubiu","searchable":1,"quickSearch":1,"filterable":0,"ext":"clan://mao9527/MeowXB/极品影视.json"},
{"key":"csp_biubiu_139影视","name":"🥒139影视(XB)","type":3,"api":"csp_XBiubiu","searchable":1,"quickSearch":1,"filterable":0,"ext":"clan://mao9527/MeowXB/139影视.json"},
{
"key": "csp_xpath_94sm",
"name": "94神马(XP)",
"type": 3,
"api": "csp_XPath",
"searchable": 1,
"quickSearch": 1,
"filterable": 0,
"ext": "clan://mao9527/xp/94sm.json"
},
{
"key": "csp_xpath_age",
"name": "AGE动漫(XP)",
"type": 3,
"api": "csp_XPath",
"searchable": 1,
"quickSearch": 1,
"filterable": 0,
"ext": "clan://mao9527/xp/agefans.json"
},
{
"key": "csp_xpath_jpyszl",
"name": "极品直链(XP)",
"type": 3,
"api": "csp_XPathMac",
"searchable": 1,
"quickSearch": 1,
"filterable": 0,
"ext": "clan://mao9527/xp/jpys.json"
},
{"key":"csp_appysv2_天空V2","name":"天空V2(M2)","type":3,"api":"csp_AppYsV2","searchable":1,"quickSearch":0,"filterable":1,"ext":"https://www.tkys.tv/xgapp.php/v2/"},
{"key":"csp_appysv2_天空","name":"天空(M2)","type":3,"api":"csp_AppYsV2","searchable":1,"quickSearch":1,"filterable":1,"ext":"https://tkys.tv/xgapp.php/v1/"},
{
"key": "csp_xpath_tvci",
"name": "大师兄(XP)",
"type": 3,
"api": "csp_XPath",
"searchable": 1,
"quickSearch": 1,
"filterable": 0,
"ext": "clan://mao9527/xp/tvci.json"
},
{
"key": "csp_xpath_duboku",
"name": "独播库(XP)",
"type": 3,
"api": "csp_XPath",
"searchable": 1,
"quickSearch": 1,
"filterable": 0,
"ext": "clan://mao9527/xp/Duboku.json"
},
{
"key": "csp_xpath_dm84",
"name": "动漫巴士(XP)",
"type": 3,
"api": "csp_XPath",
"searchable": 1,
"quickSearch": 1,
"filterable": 0,
"ext": "clan://mao9527/xp/dm84.json"
},
{
"key": "csp_Auete",
"name": "Auete(爬虫)",
"type": 3,
"api": "csp_Auete",
"searchable": 1,
"quickSearch": 0,
"filterable": 1
},
{
"key": "csp_Cokemv",
"name": "Cokemv(爬虫)",
"type": 3,
"api": "csp_Cokemv",
"searchable": 1,
"quickSearch": 0,
"filterable": 1
},
{
"key": "csp_Enlienli",
"name": "嗯哩嗯哩(爬虫)",
"type": 3,
"api": "csp_Enlienli",
"searchable": 1,
"quickSearch": 0,
"filterable": 1
},
{
"key":"csp_xpath_pianba",
"name":"Pianba(XPath)",
"type":3,
"api":"csp_XPath",
"searchable":1,
"quickSearch":1,
"filterable": 0,
"ext":"clan://mao9527/xp/pianba.json"
}
],


"parses": [
{
"name": "点此解析",
"type": 2,
"url": "Parallel"
},
{
"name": "无名",
"type": 1,
"url": "https://api.zakkpa.com:8888/analysis/json/?uid=91&my=gjksuvCHIJLRS01268&url="
},
{
"name": "蓝光视讯",
"type": 1,
"url": "https://api.m3u8.tv:5678/home/api?type=ys&uid=1931000&key=gktuvyzABEORSYZ135&url="
},
{
"name": "麻花视频",
"type": 1,
"url": "https://humaosp.com/json.php?url="
},
{
"name": "黄河",
"type": 1,
"url": "https://json.pangujiexi.com:12345/json.php?url="
},
{
"name": "筋斗云",
"type": 1,
"url": "https://api.m3u8.tv:5678/home/api?type=ys&uid=1494542&key=ijmqvwxABEHILMOT48&url="
},
{
"name": "绿箭1",
"type": 1,
"url": "https://play.tkys.tv/jh/longteng.php/?url="
},
{
"name": "久九",
"type": 1,
"url": "https://json.hfyrw.com/mao.go?url="
},
{
"name": "蓝光视频",
"type": 1,
"url": "https://api.m3u8.tv:5678/home/api?type=ys&uid=1931000&key=gktuvyzABEORSYZ135&url="
},
{
"name": "4K1",
"type": 1,
"url": "https://api.m3u8.tv:5678/home/api?type=ys&uid=1095368&key=cdgjpsuDFLNRTUVY03&url="
},
{
"name": "益达",
"type": 1,
"url": "https://api.m3u8.tv:5678/home/api?type=ys&uid=123503&key=fgkqryzDEFLNQSTW69&url="
},
{
"name": "DC",
"type": 1,
"url": "https://api.m3u8.tv:5678/home/api?type=ys&uid=7665652&key=dglmnwEFILMOPRW056&url="
},
{
"name": "抹茶猪",
"type": 1,
"url": "https://api.m3u8.tv:5678/home/api?type=ys&uid=1525223&key=fhikpsvBCDFHJOSUZ8&url="
},
{
"name": "麻瓜视频",
"type": 1,
"url": "https://api.parwix.com:4433/analysis/json/?uid=1735&my=cejkmnuvyBEFINR056&url="
},
{
"name": "追剧吧2",
"type": 1,
"url": "https://svip.spchat.top/api/?key=SAl7tLs3Zzu5alSNtz&url="
},
{
"name": "看剧吧1",
"type": 1,
"url": "https://supervip.rongxingvr.cn:8866/api/?key=nKn4eO8giUKSe8jxZU&url="
},
{
"name": "Yoyo1",
"type": 1,
"url": "https://json.legendwhb.cn/json.php/?url="
},
{
"name": "星影相随1",
"type": 1,
"url": "https://xt.gbxy.net.cn/api/?key=7gAmfK5typSVsg2Qnr&url="
},
{
"name": "爱",
"type": 1,
"url": "http://14.17.115.200:520/json.php?id=6e5LaYyU5JLs9aRawyGKwPkH7ZFr701z&url="
},
{
"name": "追剧吧1",
"type": 1,
"url": "http://newjiexi.gotto.top/yun_apib.php/?url="
},
{
"name": "优视",
"type": 1,
"url": "http://ccc.ysys.asia/jx/?id=2&url="
},
{
"name": "Vip1",
"type": 1,
"url": "https://api.zakkpa.com:8888/analysis/json/?uid=39&my=bdfinvyBCDEJKUY089&url="
},
{
"name": "公主",
"type": 1,
"url": "https://jx.renrenmi.cc/?url="
}
],
"flags": [
"youku",
"qq",
"iqiyi",
"qiyi",
"letv",
"sohu",
"tudou",
"pptv",
"mgtv",
"wasu",
"bilibili"
],

"ijk": [
{
"group": "软解码",
"options": [
{
"category": 4,
"name": "opensles",
"value": "0"
},
{
"category": 4,
"name": "overlay-format",
"value": "842225234"
},
{
"category": 4,
"name": "framedrop",
"value": "1"
},
{
"category": 4,
"name": "soundtouch",
"value": "1"
},
{
"category": 4,
"name": "start-on-prepared",
"value": "1"
},
{
"category": 1,
"name": "http-detect-range-support",
"value": "0"
},
{
"category": 1,
"name": "fflags",
"value": "fastseek"
},
{
"category": 2,
"name": "skip_loop_filter",
"value": "48"
},
{
"category": 4,
"name": "reconnect",
"value": "1"
},
{
"category": 4,
"name": "max-buffer-size",
"value": "5242880"
},
{
"category": 4,
"name": "enable-accurate-seek",
"value": "0"
},
{
"category": 4,
"name": "mediacodec",
"value": "0"
},
{
"category": 4,
"name": "mediacodec-auto-rotate",
"value": "0"
},
{
"category": 4,
"name": "mediacodec-handle-resolution-change",
"value": "0"
},
{
"category": 4,
"name": "mediacodec-hevc",
"value": "0"
}
]
},
{
"group": "硬解码",
"options": [
{
"category": 4,
"name": "opensles",
"value": "0"
},
{
"category": 4,
"name": "overlay-format",
"value": "842225234"
},
{
"category": 4,
"name": "framedrop",
"value": "1"
},
{
"category": 4,
"name": "soundtouch",
"value": "1"
},
{
"category": 4,
"name": "start-on-prepared",
"value": "1"
},
{
"category": 1,
"name": "http-detect-range-support",
"value": "0"
},
{
"category": 1,
"name": "fflags",
"value": "fastseek"
},
{
"category": 2,
"name": "skip_loop_filter",
"value": "48"
},
{
"category": 4,
"name": "reconnect",
"value": "1"
},
{
"category": 4,
"name": "max-buffer-size",
"value": "5242880"
},
{
"category": 4,
"name": "enable-accurate-seek",
"value": "0"
},
{
"category": 4,
"name": "mediacodec",
"value": "1"
},
{
"category": 4,
"name": "mediacodec-auto-rotate",
"value": "1"
},
{
"category": 4,
"name": "mediacodec-handle-resolution-change",
"value": "1"
},
{
"category": 4,
"name": "mediacodec-hevc",
"value": "1"
}
]
}
],
"ads": [
"mimg.0c1q0l.cn",
"www.googletagmanager.com",
"www.google-analytics.com",
"mc.usihnbcq.cn",
"mg.g1mm3d.cn",
"mscs.svaeuzh.cn",
"cnzz.hhttm.top",
"tp.vinuxhome.com",
"cnzz.mmstat.com",
"www.baihuillq.com",
"s23.cnzz.com",
"z3.cnzz.com",
"c.cnzz.com",
"stj.v1vo.top",
"z12.cnzz.com",
"img.mosflower.cn",
"tips.gamevvip.com",
"ehwe.yhdtns.com",
"xdn.cqqc3.com",
"www.jixunkyy.cn",
"sp.chemacid.cn",
"hm.baidu.com",
"s9.cnzz.com",
"z6.cnzz.com",
"um.cavuc.com",
"mav.mavuz.com",
"wofwk.aoidf3.com",
"z5.cnzz.com",
"xc.hubeijieshikj.cn",
"tj.tianwenhu.com",
"xg.gars57.cn",
"k.jinxiuzhilv.com",
"cdn.bootcss.com",
"ppl.xunzhuo123.com",
"xomk.jiangjunmh.top",
"img.xunzhuo123.com",
"z1.cnzz.com",
"s13.cnzz.com",
"xg.huataisangao.cn",
"z7.cnzz.com",
"xg.huataisangao.cn",
"z2.cnzz.com",
"s96.cnzz.com",
"q11.cnzz.com",
"thy.dacedsfa.cn",
"xg.whsbpw.cn",
"s19.cnzz.com",
"z8.cnzz.com",
"s4.cnzz.com",
"f5w.as12df.top",
"ae01.alicdn.com",
"www.92424.cn",
"k.wudejia.com",
"vivovip.mmszxc.top",
"qiu.xixiqiu.com",
"cdnjs.hnfenxun.com",
"cms.qdwght.com"
]
}


